../images/airplane001.jpg,82,18,196,186,airplane
../images/airplane002.jpg,51,47,200,196,airplane
../images/airplane003.jpg,23,45,230,217,airplane
../images/airplane004.jpg,19,55,210,209,airplane
../images/airplane005.jpg,47,83,177,253,airplane
../images/airplane006.jpg,39,54,241,203,airplane
../images/airplane007.jpg,47,9,250,180,airplane
../images/airplane008.jpg,59,43,241,202,airplane
../images/airplane009.jpg,41,29,196,209,airplane
../images/airplane010.jpg,81,34,239,213,airplane
../images/airplane011.jpg,46,23,209,182,airplane
../images/airplane012.jpg,49,72,228,233,airplane
../images/airplane013.jpg,86,39,208,182,airplane
../images/airplane014.jpg,44,35,179,171,airplane
../images/airplane015.jpg,6,65,229,228,airplane
../images/airplane016.jpg,15,82,167,238,airplane
../images/airplane017.jpg,40,5,210,188,airplane
../images/airplane018.jpg,14,52,193,201,airplane
../images/airplane019.jpg,6,49,197,215,airplane
../images/airplane020.jpg,13,60,203,224,airplane
../images/airplane021.jpg,58,35,217,193,airplane
../images/airplane022.jpg,8,68,214,230,airplane
../images/airplane023.jpg,45,59,231,218,airplane
../images/airplane024.jpg,4,56,169,218,airplane
../images/airplane025.jpg,45,47,228,216,airplane
../images/airplane026.jpg,40,58,202,232,airplane
../images/airplane027.jpg,50,40,245,209,airplane
../images/airplane028.jpg,31,109,163,249,airplane
../images/airplane029.jpg,47,100,176,251,airplane
../images/airplane030.jpg,34,33,227,205,airplane
../images/airplane031.jpg,56,52,209,188,airplane
../images/airplane032.jpg,25,2,167,109,airplane
../images/airplane032.jpg,2,133,153,254,airplane
../images/airplane033.jpg,9,24,133,147,airplane
../images/airplane034.jpg,14,35,216,205,airplane
../images/airplane035.jpg,32,39,229,209,airplane
../images/airplane036.jpg,36,41,246,210,airplane
../images/airplane037.jpg,63,38,250,226,airplane
../images/airplane038.jpg,31,52,185,210,airplane
../images/airplane039.jpg,48,43,253,227,airplane
../images/airplane040.jpg,31,28,221,205,airplane
../images/airplane041.jpg,74,42,240,193,airplane
../images/airplane042.jpg,31,5,224,240,airplane
../images/airplane043.jpg,24,35,119,145,airplane
../images/airplane043.jpg,143,85,247,213,airplane
../images/airplane044.jpg,1,9,244,220,airplane
../images/airplane045.jpg,84,13,208,111,airplane
../images/airplane045.jpg,5,118,125,247,airplane
../images/airplane046.jpg,82,14,201,139,airplane
../images/airplane046.jpg,23,149,144,247,airplane
../images/airplane047.jpg,43,39,177,188,airplane
../images/airplane048.jpg,54,119,165,221,airplane
../images/airplane048.jpg,86,10,209,116,airplane
../images/airplane049.jpg,59,106,158,207,airplane
../images/airplane049.jpg,104,15,205,102,airplane
../images/airplane050.jpg,75,187,138,253,airplane
../images/airplane050.jpg,85,49,172,148,airplane
../images/airplane051.jpg,67,71,157,166,airplane
../images/airplane052.jpg,72,135,147,214,airplane
../images/airplane053.jpg,38,82,192,207,airplane
../images/airplane054.jpg,61,100,195,208,airplane
../images/airplane055.jpg,38,69,189,208,airplane
../images/airplane056.jpg,2,72,157,212,airplane
../images/airplane057.jpg,101,64,256,204,airplane
../images/airplane058.jpg,60,54,179,206,airplane
../images/airplane059.jpg,109,76,206,219,airplane
../images/airplane060.jpg,10,23,235,204,airplane
../images/airplane061.jpg,8,43,231,225,airplane
../images/airplane062.jpg,12,43,240,235,airplane
../images/airplane063.jpg,41,63,172,189,airplane
../images/airplane064.jpg,40,21,225,226,airplane
../images/airplane065.jpg,11,36,129,192,airplane
../images/airplane065.jpg,138,71,241,230,airplane
../images/airplane066.jpg,13,21,123,165,airplane
../images/airplane066.jpg,138,62,251,218,airplane
../images/airplane067.jpg,6,11,110,164,airplane
../images/airplane067.jpg,135,45,240,207,airplane
../images/airplane068.jpg,16,71,127,230,airplane
../images/airplane069.jpg,68,73,203,195,airplane
../images/airplane070.jpg,19,23,216,200,airplane
../images/airplane071.jpg,47,31,212,211,airplane
../images/airplane072.jpg,70,27,253,195,airplane
../images/airplane073.jpg,61,51,237,214,airplane
../images/airplane074.jpg,65,2,212,131,airplane
../images/airplane074.jpg,41,154,192,253,airplane
../images/airplane075.jpg,62,15,214,123,airplane
../images/airplane075.jpg,75,136,234,256,airplane
../images/airplane076.jpg,50,44,166,185,airplane
../images/airplane077.jpg,3,74,99,220,airplane
../images/airplane077.jpg,60,4,180,125,airplane
../images/airplane078.jpg,19,16,163,119,airplane
../images/airplane078.jpg,30,143,176,253,airplane
../images/airplane079.jpg,70,23,182,190,airplane
../images/airplane080.jpg,65,31,201,190,airplane
../images/airplane081.jpg,42,15,214,169,airplane
../images/airplane082.jpg,2,77,155,214,airplane
../images/airplane083.jpg,30,61,150,180,airplane
../images/airplane084.jpg,22,7,246,210,airplane
../images/airplane085.jpg,12,14,209,243,airplane
../images/airplane086.jpg,50,53,226,223,airplane
../images/airplane087.jpg,19,12,249,246,airplane
../images/airplane088.jpg,50,88,200,248,airplane
../images/airplane089.jpg,6,3,112,110,airplane
../images/airplane089.jpg,141,6,253,144,airplane
../images/airplane090.jpg,40,11,212,188,airplane
../images/airplane091.jpg,45,70,212,250,airplane
../images/airplane092.jpg,115,18,236,123,airplane
../images/airplane092.jpg,40,157,162,255,airplane
../images/airplane093.jpg,16,131,158,245,airplane
../images/airplane093.jpg,118,11,239,117,airplane
../images/airplane094.jpg,12,37,180,190,airplane
../images/airplane095.jpg,8,67,191,250,airplane
../images/airplane096.jpg,1,102,134,248,airplane
../images/airplane096.jpg,77,1,251,114,airplane
../images/airplane097.jpg,13,38,172,227,airplane
../images/airplane098.jpg,6,112,117,256,airplane
../images/airplane098.jpg,128,1,230,126,airplane
../images/airplane099.jpg,58,45,208,163,airplane
../images/airplane100.jpg,1,100,129,245,airplane
../images/airplane100.jpg,116,13,239,155,airplane
../images/airplane101.jpg,41,22,177,159,airplane
../images/airplane102.jpg,28,68,177,240,airplane
../images/airplane103.jpg,48,22,209,203,airplane
../images/airplane104.jpg,44,49,192,190,airplane
../images/airplane105.jpg,14,108,145,204,airplane
../images/airplane106.jpg,38,59,194,213,airplane
../images/airplane107.jpg,23,52,187,186,airplane
../images/airplane108.jpg,28,33,187,185,airplane
../images/airplane109.jpg,13,27,229,201,airplane
../images/airplane110.jpg,44,60,226,214,airplane
../images/airplane111.jpg,66,55,214,183,airplane
../images/airplane112.jpg,44,104,203,246,airplane
../images/airplane113.jpg,50,40,192,200,airplane
../images/airplane114.jpg,24,43,208,216,airplane
../images/airplane115.jpg,51,33,240,208,airplane
../images/airplane116.jpg,17,50,241,219,airplane
../images/airplane117.jpg,77,47,208,213,airplane
../images/airplane118.jpg,81,39,238,207,airplane
../images/airplane119.jpg,35,47,221,207,airplane
../images/airplane120.jpg,40,41,228,215,airplane
../images/airplane121.jpg,69,48,232,226,airplane
../images/airplane122.jpg,99,37,229,160,airplane
../images/airplane123.jpg,73,39,194,218,airplane
../images/airplane124.jpg,53,31,207,209,airplane
../images/airplane125.jpg,44,31,205,215,airplane
../images/airplane126.jpg,21,48,216,219,airplane
../images/airplane127.jpg,60,27,234,198,airplane
../images/airplane128.jpg,99,31,235,214,airplane
../images/airplane129.jpg,68,22,203,217,airplane
../images/airplane130.jpg,37,12,201,234,airplane
../images/airplane131.jpg,56,43,172,222,airplane
../images/airplane132.jpg,90,41,188,184,airplane
../images/airplane133.jpg,43,65,172,217,airplane
../images/airplane134.jpg,54,142,154,216,airplane
../images/airplane134.jpg,104,10,201,120,airplane
../images/airplane135.jpg,62,153,171,255,airplane
../images/airplane135.jpg,52,1,199,138,airplane
../images/airplane136.jpg,57,48,124,140,airplane
../images/airplane136.jpg,63,168,155,256,airplane
../images/airplane136.jpg,177,2,241,58,airplane
../images/airplane137.jpg,26,35,146,195,airplane
../images/airplane138.jpg,16,1,193,128,airplane
../images/airplane138.jpg,30,135,180,248,airplane
../images/airplane139.jpg,48,132,238,253,airplane
../images/airplane139.jpg,24,1,222,116,airplane
../images/airplane140.jpg,79,138,244,252,airplane
../images/airplane140.jpg,43,3,243,124,airplane
../images/airplane141.jpg,45,1,221,122,airplane
../images/airplane141.jpg,20,139,187,256,airplane
../images/airplane142.jpg,47,49,240,222,airplane
../images/airplane143.jpg,46,36,247,216,airplane
../images/airplane144.jpg,17,40,238,219,airplane
../images/airplane145.jpg,57,23,226,214,airplane
../images/airplane146.jpg,26,40,193,228,airplane
../images/airplane147.jpg,15,75,183,184,airplane
../images/airplane148.jpg,16,81,214,225,airplane
../images/airplane149.jpg,42,33,204,215,airplane
../images/airplane150.jpg,25,54,229,232,airplane
../images/airplane151.jpg,63,87,205,247,airplane
../images/airplane152.jpg,47,96,201,237,airplane
../images/airplane153.jpg,29,9,209,215,airplane
../images/airplane154.jpg,2,33,168,197,airplane
../images/airplane155.jpg,59,25,219,208,airplane
../images/airplane156.jpg,1,59,194,204,airplane
../images/airplane157.jpg,2,60,217,231,airplane
../images/airplane158.jpg,52,39,210,206,airplane
../images/airplane159.jpg,28,45,230,220,airplane
../images/airplane160.jpg,80,76,226,231,airplane
../images/airplane161.jpg,5,123,171,235,airplane
../images/airplane162.jpg,1,10,153,121,airplane
../images/airplane162.jpg,38,123,191,242,airplane
../images/airplane163.jpg,10,9,183,126,airplane
../images/airplane163.jpg,74,130,250,249,airplane
../images/airplane164.jpg,13,11,174,131,airplane
../images/airplane164.jpg,85,126,255,250,airplane
../images/airplane165.jpg,10,5,152,167,airplane
../images/airplane165.jpg,130,96,254,250,airplane
../images/airplane166.jpg,99,9,244,182,airplane
../images/airplane167.jpg,64,26,222,220,airplane
../images/airplane168.jpg,34,25,210,237,airplane
../images/airplane169.jpg,16,3,213,232,airplane
../images/airplane170.jpg,68,21,224,192,airplane
../images/airplane171.jpg,58,76,209,240,airplane
../images/airplane172.jpg,1,19,143,139,airplane
../images/airplane173.jpg,3,62,170,215,airplane
../images/airplane174.jpg,48,16,219,223,airplane
../images/airplane175.jpg,13,23,254,237,airplane
../images/airplane176.jpg,19,42,230,222,airplane
../images/airplane177.jpg,63,32,251,245,airplane
../images/airplane178.jpg,24,34,239,220,airplane
../images/airplane179.jpg,47,8,236,227,airplane
../images/airplane180.jpg,64,38,233,192,airplane
../images/airplane181.jpg,58,25,243,238,airplane
../images/airplane182.jpg,35,35,204,220,airplane
../images/airplane183.jpg,10,24,192,237,airplane
../images/airplane184.jpg,17,36,201,252,airplane
../images/airplane185.jpg,33,20,213,230,airplane
../images/airplane186.jpg,19,86,184,211,airplane
../images/airplane187.jpg,5,6,205,237,airplane
../images/airplane188.jpg,58,24,223,205,airplane
../images/airplane189.jpg,71,47,216,214,airplane
../images/airplane190.jpg,32,4,241,235,airplane
../images/airplane191.jpg,10,1,145,154,airplane
../images/airplane191.jpg,122,87,252,246,airplane
../images/airplane192.jpg,12,6,155,160,airplane
../images/airplane192.jpg,118,90,254,253,airplane
../images/airplane193.jpg,86,105,232,223,airplane
../images/airplane193.jpg,11,2,141,142,airplane
../images/airplane194.jpg,18,1,152,134,airplane
../images/airplane194.jpg,103,121,226,256,airplane
../images/airplane195.jpg,13,18,247,250,airplane
../images/airplane196.jpg,35,16,170,187,airplane
../images/airplane197.jpg,11,31,166,208,airplane
../images/airplane198.jpg,19,36,197,173,airplane
../images/airplane199.jpg,56,35,195,200,airplane
../images/airplane200.jpg,25,33,236,201,airplane
../images/airplane201.jpg,6,44,63,94,airplane
../images/airplane201.jpg,67,36,120,85,airplane
../images/airplane201.jpg,121,35,177,83,airplane
../images/airplane201.jpg,179,29,235,74,airplane
../images/airplane201.jpg,94,90,154,133,airplane
../images/airplane201.jpg,174,101,232,158,airplane
../images/airplane202.jpg,5,191,66,239,airplane
../images/airplane202.jpg,43,93,122,163,airplane
../images/airplane202.jpg,34,22,129,93,airplane
../images/airplane203.jpg,2,25,117,160,airplane
../images/airplane203.jpg,193,80,246,152,airplane
../images/airplane203.jpg,176,150,249,236,airplane
../images/airplane204.jpg,51,115,138,201,airplane
../images/airplane204.jpg,146,102,235,184,airplane
../images/airplane205.jpg,1,92,85,170,airplane
../images/airplane205.jpg,88,82,172,164,airplane
../images/airplane205.jpg,144,166,210,244,airplane
../images/airplane206.jpg,74,89,156,170,airplane
../images/airplane207.jpg,37,88,161,227,airplane
../images/airplane208.jpg,4,123,105,234,airplane
../images/airplane208.jpg,127,108,224,211,airplane
../images/airplane208.jpg,52,1,126,88,airplane
../images/airplane208.jpg,126,17,196,97,airplane
../images/airplane209.jpg,1,114,87,224,airplane
../images/airplane209.jpg,88,99,162,201,airplane
../images/airplane209.jpg,160,79,237,191,airplane
../images/airplane210.jpg,3,108,88,179,airplane
../images/airplane210.jpg,115,112,190,194,airplane
../images/airplane211.jpg,82,33,243,182,airplane
../images/airplane212.jpg,6,74,52,130,airplane
../images/airplane212.jpg,63,94,150,196,airplane
../images/airplane212.jpg,178,75,251,152,airplane
../images/airplane213.jpg,104,73,221,182,airplane
../images/airplane214.jpg,3,72,83,153,airplane
../images/airplane214.jpg,67,153,195,250,airplane
../images/airplane214.jpg,141,34,238,140,airplane
../images/airplane215.jpg,38,6,166,106,airplane
../images/airplane215.jpg,66,113,179,208,airplane
../images/airplane216.jpg,25,58,115,145,airplane
../images/airplane216.jpg,113,66,214,183,airplane
../images/airplane217.jpg,95,143,184,226,airplane
../images/airplane217.jpg,74,5,201,138,airplane
../images/airplane218.jpg,1,16,105,167,airplane
../images/airplane218.jpg,115,2,253,164,airplane
../images/airplane219.jpg,1,13,127,179,airplane
../images/airplane219.jpg,141,16,256,173,airplane
../images/airplane220.jpg,1,104,108,245,airplane
../images/airplane220.jpg,132,114,256,235,airplane
../images/airplane221.jpg,1,103,130,236,airplane
../images/airplane221.jpg,144,69,256,175,airplane
../images/airplane222.jpg,147,2,252,104,airplane
../images/airplane222.jpg,162,147,241,245,airplane
../images/airplane223.jpg,46,48,194,207,airplane
../images/airplane224.jpg,107,181,173,251,airplane
../images/airplane224.jpg,71,8,183,115,airplane
../images/airplane224.jpg,23,93,174,233,airplane
../images/airplane225.jpg,79,76,193,188,airplane
../images/airplane226.jpg,6,180,100,251,airplane
../images/airplane226.jpg,4,106,92,176,airplane
../images/airplane226.jpg,27,17,111,103,airplane
../images/airplane227.jpg,87,170,168,256,airplane
../images/airplane227.jpg,76,70,183,173,airplane
../images/airplane227.jpg,85,1,189,70,airplane
../images/airplane228.jpg,1,85,83,187,airplane
../images/airplane228.jpg,79,98,177,201,airplane
../images/airplane228.jpg,160,61,254,174,airplane
../images/airplane229.jpg,5,101,120,224,airplane
../images/airplane229.jpg,130,13,248,162,airplane
../images/airplane230.jpg,73,48,221,200,airplane
../images/airplane231.jpg,1,113,100,235,airplane
../images/airplane231.jpg,111,77,228,229,airplane
../images/airplane232.jpg,27,59,144,223,airplane
../images/airplane232.jpg,114,37,249,179,airplane
../images/airplane233.jpg,12,99,140,227,airplane
../images/airplane233.jpg,143,87,246,212,airplane
../images/airplane234.jpg,35,59,154,205,airplane
../images/airplane234.jpg,110,25,209,133,airplane
../images/airplane235.jpg,1,96,68,187,airplane
../images/airplane235.jpg,96,88,181,183,airplane
../images/airplane235.jpg,177,73,256,161,airplane
../images/airplane236.jpg,72,75,167,193,airplane
../images/airplane236.jpg,169,102,238,196,airplane
../images/airplane237.jpg,53,53,161,158,airplane
../images/airplane238.jpg,21,61,113,162,airplane
../images/airplane238.jpg,124,20,252,167,airplane
../images/airplane239.jpg,10,67,126,205,airplane
../images/airplane239.jpg,143,51,256,176,airplane
../images/airplane240.jpg,5,57,130,180,airplane
../images/airplane240.jpg,133,77,250,208,airplane
../images/airplane241.jpg,50,107,141,196,airplane
../images/airplane241.jpg,70,7,189,103,airplane
../images/airplane242.jpg,2,115,108,222,airplane
../images/airplane242.jpg,130,25,249,162,airplane
../images/airplane243.jpg,50,73,173,217,airplane
../images/airplane244.jpg,61,46,180,186,airplane
../images/airplane245.jpg,100,34,238,188,airplane
../images/airplane246.jpg,1,67,92,177,airplane
../images/airplane246.jpg,90,97,191,210,airplane
../images/airplane246.jpg,184,96,251,170,airplane
../images/airplane247.jpg,53,71,152,179,airplane
../images/airplane247.jpg,157,102,249,212,airplane
../images/airplane248.jpg,1,67,85,155,airplane
../images/airplane248.jpg,84,93,167,179,airplane
../images/airplane248.jpg,173,113,253,201,airplane
../images/airplane249.jpg,3,49,80,135,airplane
../images/airplane249.jpg,86,76,171,162,airplane
../images/airplane249.jpg,173,98,254,190,airplane
../images/airplane250.jpg,1,50,78,130,airplane
../images/airplane250.jpg,92,80,169,166,airplane
../images/airplane250.jpg,173,106,256,190,airplane
../images/airplane251.jpg,53,85,169,194,airplane
../images/airplane252.jpg,12,16,115,112,airplane
../images/airplane252.jpg,138,117,255,246,airplane
../images/airplane253.jpg,92,18,223,161,airplane
../images/airplane253.jpg,90,162,198,253,airplane
../images/airplane254.jpg,41,100,131,192,airplane
../images/airplane254.jpg,145,86,242,193,airplane
../images/airplane255.jpg,95,129,219,256,airplane
../images/airplane255.jpg,83,1,210,123,airplane
../images/airplane256.jpg,128,72,245,193,airplane
../images/airplane256.jpg,12,131,141,256,airplane
../images/airplane257.jpg,1,120,121,245,airplane
../images/airplane257.jpg,139,74,230,182,airplane
../images/airplane258.jpg,1,102,93,216,airplane
../images/airplane258.jpg,101,40,256,188,airplane
../images/airplane259.jpg,1,107,123,248,airplane
../images/airplane259.jpg,140,64,256,206,airplane
../images/airplane260.jpg,38,86,128,180,airplane
../images/airplane260.jpg,140,71,242,182,airplane
../images/airplane261.jpg,46,103,135,192,airplane
../images/airplane261.jpg,144,87,246,199,airplane
../images/airplane262.jpg,73,154,181,248,airplane
../images/airplane262.jpg,68,4,206,152,airplane
../images/airplane263.jpg,10,11,111,110,airplane
../images/airplane263.jpg,140,110,254,251,airplane
../images/airplane264.jpg,92,100,159,166,airplane
../images/airplane264.jpg,109,146,228,255,airplane
../images/airplane265.jpg,1,83,80,159,airplane
../images/airplane265.jpg,164,100,256,210,airplane
../images/airplane265.jpg,69,9,180,133,airplane
../images/airplane266.jpg,39,58,162,180,airplane
../images/airplane267.jpg,63,82,147,164,airplane
../images/airplane268.jpg,72,73,163,161,airplane
../images/airplane269.jpg,21,71,159,220,airplane
../images/airplane270.jpg,81,82,173,183,airplane
../images/airplane271.jpg,34,87,142,200,airplane
../images/airplane272.jpg,14,30,253,242,airplane
../images/airplane273.jpg,15,20,256,236,airplane
../images/airplane274.jpg,12,21,241,213,airplane
../images/airplane275.jpg,78,28,231,214,airplane
../images/airplane276.jpg,30,4,224,242,airplane
../images/airplane277.jpg,33,23,140,140,airplane
../images/airplane277.jpg,43,147,150,246,airplane
../images/airplane278.jpg,68,50,201,199,airplane
../images/airplane279.jpg,97,2,186,91,airplane
../images/airplane279.jpg,92,148,217,255,airplane
../images/airplane280.jpg,25,50,175,200,airplane
../images/airplane281.jpg,58,47,204,198,airplane
../images/airplane282.jpg,52,28,186,165,airplane
../images/airplane283.jpg,103,5,203,103,airplane
../images/airplane283.jpg,104,157,221,256,airplane
../images/airplane284.jpg,62,55,201,203,airplane
../images/airplane285.jpg,19,66,178,211,airplane
../images/airplane286.jpg,2,73,143,254,airplane
../images/airplane286.jpg,139,12,256,151,airplane
../images/airplane287.jpg,51,34,256,250,airplane
../images/airplane288.jpg,1,42,113,176,airplane
../images/airplane288.jpg,180,30,256,130,airplane
../images/airplane288.jpg,125,70,215,183,airplane
../images/airplane288.jpg,62,147,157,255,airplane
../images/airplane289.jpg,1,59,123,209,airplane
../images/airplane289.jpg,141,81,249,207,airplane
../images/airplane290.jpg,1,72,94,187,airplane
../images/airplane290.jpg,94,73,180,173,airplane
../images/airplane290.jpg,176,54,256,163,airplane
../images/airplane291.jpg,45,9,172,107,airplane
../images/airplane291.jpg,23,105,127,223,airplane
../images/airplane291.jpg,144,157,243,249,airplane
../images/airplane292.jpg,125,101,194,169,airplane
../images/airplane292.jpg,140,42,219,114,airplane
../images/airplane293.jpg,172,86,245,180,airplane
../images/airplane293.jpg,85,88,166,180,airplane
../images/airplane293.jpg,7,106,85,187,airplane
../images/airplane294.jpg,92,32,158,112,airplane
../images/airplane294.jpg,167,6,251,90,airplane
../images/airplane294.jpg,77,152,147,240,airplane
../images/airplane294.jpg,97,85,228,228,airplane
../images/airplane294.jpg,2,48,125,230,airplane
../images/airplane295.jpg,25,150,130,252,airplane
../images/airplane295.jpg,134,46,256,202,airplane
../images/airplane295.jpg,36,7,186,156,airplane
../images/airplane296.jpg,53,22,157,123,airplane
../images/airplane297.jpg,14,64,130,169,airplane
../images/airplane297.jpg,146,57,252,166,airplane
../images/airplane298.jpg,34,85,144,183,airplane
../images/airplane298.jpg,144,71,251,179,airplane
../images/airplane299.jpg,4,95,112,201,airplane
../images/airplane299.jpg,117,84,224,187,airplane
../images/airplane300.jpg,21,67,132,183,airplane
../images/airplane300.jpg,142,67,255,163,airplane
../images/airplane301.jpg,81,39,249,232,airplane
../images/airplane302.jpg,54,25,237,253,airplane
../images/airplane303.jpg,26,20,243,248,airplane
../images/airplane304.jpg,100,109,228,256,airplane
../images/airplane304.jpg,23,1,215,149,airplane
../images/airplane305.jpg,60,91,210,221,airplane
../images/airplane306.jpg,20,30,183,186,airplane
../images/airplane307.jpg,47,3,246,256,airplane
../images/airplane308.jpg,31,61,212,235,airplane
../images/airplane309.jpg,33,45,223,245,airplane
../images/airplane310.jpg,32,26,218,227,airplane
../images/airplane311.jpg,31,45,216,239,airplane
../images/airplane312.jpg,41,37,229,242,airplane
../images/airplane313.jpg,33,16,252,211,airplane
../images/airplane314.jpg,29,57,224,226,airplane
../images/airplane315.jpg,49,36,242,243,airplane
../images/airplane316.jpg,39,41,199,220,airplane
../images/airplane317.jpg,7,17,232,216,airplane
../images/airplane318.jpg,15,23,236,212,airplane
../images/airplane319.jpg,14,28,203,204,airplane
../images/airplane320.jpg,53,71,217,256,airplane
../images/airplane321.jpg,34,35,209,234,airplane
../images/airplane322.jpg,14,29,221,255,airplane
../images/airplane323.jpg,63,64,232,228,airplane
../images/airplane324.jpg,12,33,190,226,airplane
../images/airplane325.jpg,45,39,226,243,airplane
../images/airplane326.jpg,10,12,221,238,airplane
../images/airplane327.jpg,5,39,184,243,airplane
../images/airplane328.jpg,17,15,231,248,airplane
../images/airplane329.jpg,31,35,216,210,airplane
../images/airplane330.jpg,24,46,215,233,airplane
../images/airplane331.jpg,9,67,192,256,airplane
../images/airplane332.jpg,32,28,246,256,airplane
../images/airplane333.jpg,11,29,202,242,airplane
../images/airplane334.jpg,4,19,208,251,airplane
../images/airplane335.jpg,19,29,211,246,airplane
../images/airplane336.jpg,18,44,207,227,airplane
../images/airplane337.jpg,33,22,206,205,airplane
../images/airplane338.jpg,57,27,235,218,airplane
../images/airplane339.jpg,40,45,217,223,airplane
../images/airplane340.jpg,30,60,206,243,airplane
../images/airplane341.jpg,33,60,214,245,airplane
../images/airplane342.jpg,8,29,256,255,airplane
../images/airplane343.jpg,46,34,217,256,airplane
../images/airplane344.jpg,30,55,210,252,airplane
../images/airplane345.jpg,43,10,225,206,airplane
../images/airplane346.jpg,38,36,150,169,airplane
../images/airplane347.jpg,52,80,195,235,airplane
../images/airplane348.jpg,21,70,194,188,airplane
../images/airplane349.jpg,67,61,235,223,airplane
../images/airplane350.jpg,15,128,146,250,airplane
../images/airplane351.jpg,47,29,186,198,airplane
../images/airplane352.jpg,54,60,213,210,airplane
../images/airplane353.jpg,5,92,117,240,airplane
../images/airplane353.jpg,125,73,256,233,airplane
../images/airplane354.jpg,62,43,205,215,airplane
../images/airplane355.jpg,24,25,208,225,airplane
../images/airplane356.jpg,27,9,236,246,airplane
../images/airplane357.jpg,39,7,241,240,airplane
../images/airplane358.jpg,56,24,226,230,airplane
../images/airplane359.jpg,24,6,229,245,airplane
../images/airplane360.jpg,48,26,216,203,airplane
../images/airplane361.jpg,14,30,195,232,airplane
../images/airplane362.jpg,47,29,243,226,airplane
../images/airplane363.jpg,105,57,252,225,airplane
../images/airplane364.jpg,13,1,229,227,airplane
../images/airplane365.jpg,61,35,249,235,airplane
../images/airplane366.jpg,37,47,224,221,airplane
../images/airplane367.jpg,18,1,240,255,airplane
../images/airplane368.jpg,15,5,209,212,airplane
../images/airplane369.jpg,1,85,167,244,airplane
../images/airplane370.jpg,35,21,215,192,airplane
../images/airplane371.jpg,29,26,214,194,airplane
../images/airplane372.jpg,43,22,198,212,airplane
../images/airplane373.jpg,24,5,230,240,airplane
../images/airplane374.jpg,40,60,189,248,airplane
../images/airplane375.jpg,5,26,190,211,airplane
../images/airplane376.jpg,84,81,248,255,airplane
../images/airplane377.jpg,2,58,174,219,airplane
../images/airplane378.jpg,62,3,212,211,airplane
../images/airplane379.jpg,19,26,202,186,airplane
../images/airplane380.jpg,75,3,166,87,airplane
../images/airplane380.jpg,84,93,176,168,airplane
../images/airplane380.jpg,93,173,188,246,airplane
../images/airplane381.jpg,64,5,154,85,airplane
../images/airplane381.jpg,77,87,179,160,airplane
../images/airplane381.jpg,103,173,182,247,airplane
../images/airplane382.jpg,26,123,176,248,airplane
../images/airplane382.jpg,121,13,222,104,airplane
../images/airplane383.jpg,24,138,188,252,airplane
../images/airplane383.jpg,41,2,166,106,airplane
../images/airplane384.jpg,53,6,212,148,airplane
../images/airplane385.jpg,69,4,219,167,airplane
../images/airplane386.jpg,142,81,238,195,airplane
../images/airplane387.jpg,93,88,211,207,airplane
../images/airplane388.jpg,88,78,183,174,airplane
../images/airplane389.jpg,74,79,173,185,airplane
../images/airplane389.jpg,32,16,115,92,airplane
../images/airplane389.jpg,168,37,251,127,airplane
../images/airplane390.jpg,24,125,141,256,airplane
../images/airplane390.jpg,177,129,252,210,airplane
../images/airplane391.jpg,13,139,93,218,airplane
../images/airplane391.jpg,104,98,185,182,airplane
../images/airplane391.jpg,178,45,256,142,airplane
../images/airplane392.jpg,2,130,86,222,airplane
../images/airplane392.jpg,85,82,163,156,airplane
../images/airplane392.jpg,163,33,229,115,airplane
../images/airplane393.jpg,26,52,151,203,airplane
../images/airplane394.jpg,102,119,204,226,airplane
../images/airplane395.jpg,91,133,232,256,airplane
../images/airplane395.jpg,5,1,154,134,airplane
../images/airplane396.jpg,24,4,129,101,airplane
../images/airplane396.jpg,82,98,189,201,airplane
../images/airplane397.jpg,60,56,160,159,airplane
../images/airplane397.jpg,122,160,235,253,airplane
../images/airplane398.jpg,88,43,223,151,airplane
../images/airplane398.jpg,92,135,229,218,airplane
../images/airplane398.jpg,184,193,244,248,airplane
../images/airplane398.jpg,12,5,146,115,airplane
../images/airplane399.jpg,160,56,236,129,airplane
../images/airplane400.jpg,18,81,97,184,airplane
../images/airplane400.jpg,163,50,244,130,airplane
../images/airplane401.jpg,55,2,130,58,airplane
../images/airplane401.jpg,151,159,214,219,airplane
../images/airplane401.jpg,69,171,121,219,airplane
../images/airplane401.jpg,32,60,237,250,airplane
../images/airplane402.jpg,4,112,82,181,airplane
../images/airplane402.jpg,68,107,138,207,airplane
../images/airplane402.jpg,102,82,184,159,airplane
../images/airplane402.jpg,160,74,243,168,airplane
../images/airplane403.jpg,89,57,184,176,airplane
../images/airplane403.jpg,139,11,238,122,airplane
../images/airplane404.jpg,1,81,121,228,airplane
../images/airplane404.jpg,55,23,169,138,airplane
../images/airplane404.jpg,160,13,256,146,airplane
../images/airplane405.jpg,6,81,99,195,airplane
../images/airplane405.jpg,80,75,160,178,airplane
../images/airplane405.jpg,112,21,231,142,airplane
../images/airplane406.jpg,27,60,132,156,airplane
../images/airplane406.jpg,98,76,204,204,airplane
../images/airplane406.jpg,163,31,256,147,airplane
../images/airplane407.jpg,171,117,251,206,airplane
../images/airplane407.jpg,3,166,77,252,airplane
../images/airplane407.jpg,46,69,183,231,airplane
../images/airplane408.jpg,25,1,133,93,airplane
../images/airplane408.jpg,55,95,182,200,airplane
../images/airplane408.jpg,150,148,250,250,airplane
../images/airplane409.jpg,25,35,176,179,airplane
../images/airplane409.jpg,169,1,249,73,airplane
../images/airplane410.jpg,23,31,140,133,airplane
../images/airplane410.jpg,114,153,181,214,airplane
../images/airplane410.jpg,185,111,256,198,airplane
../images/airplane411.jpg,58,53,167,189,airplane
../images/airplane412.jpg,13,25,215,202,airplane
../images/airplane413.jpg,49,13,187,198,airplane
../images/airplane414.jpg,44,8,215,229,airplane
../images/airplane415.jpg,36,10,256,229,airplane
../images/airplane416.jpg,17,21,193,217,airplane
../images/airplane417.jpg,8,21,220,192,airplane
../images/airplane418.jpg,30,22,199,166,airplane
../images/airplane419.jpg,8,95,187,240,airplane
../images/airplane420.jpg,38,36,218,165,airplane
../images/airplane421.jpg,21,15,197,144,airplane
../images/airplane422.jpg,16,105,199,240,airplane
../images/airplane423.jpg,49,26,223,227,airplane
../images/airplane424.jpg,36,71,171,222,airplane
../images/airplane425.jpg,40,70,231,205,airplane
../images/airplane426.jpg,5,138,166,256,airplane
../images/airplane426.jpg,116,1,247,128,airplane
../images/airplane427.jpg,82,125,218,235,airplane
../images/airplane428.jpg,64,77,176,207,airplane
../images/airplane429.jpg,13,66,152,178,airplane
../images/airplane430.jpg,34,10,186,118,airplane
../images/airplane431.jpg,27,138,163,235,airplane
../images/airplane432.jpg,53,43,198,157,airplane
../images/airplane433.jpg,8,39,239,220,airplane
../images/airplane434.jpg,18,18,182,218,airplane
../images/airplane435.jpg,48,76,200,196,airplane
../images/airplane436.jpg,19,32,237,204,airplane
../images/airplane437.jpg,65,14,231,243,airplane
../images/airplane438.jpg,98,20,238,187,airplane
../images/airplane439.jpg,24,24,174,203,airplane
../images/airplane440.jpg,146,72,236,155,airplane
../images/airplane441.jpg,10,96,112,203,airplane
../images/airplane441.jpg,116,105,201,201,airplane
../images/airplane442.jpg,84,17,252,249,airplane
../images/airplane443.jpg,45,18,215,245,airplane
../images/airplane444.jpg,1,76,128,228,airplane
../images/airplane444.jpg,125,70,256,216,airplane
../images/airplane445.jpg,47,82,120,164,airplane
../images/airplane445.jpg,124,69,236,189,airplane
../images/airplane446.jpg,43,21,118,95,airplane
../images/airplane446.jpg,90,89,186,162,airplane
../images/airplane446.jpg,142,153,220,218,airplane
../images/airplane447.jpg,1,130,89,223,airplane
../images/airplane447.jpg,152,161,244,234,airplane
../images/airplane447.jpg,145,24,236,99,airplane
../images/airplane448.jpg,74,145,172,240,airplane
../images/airplane448.jpg,73,43,167,141,airplane
../images/airplane449.jpg,36,17,248,218,airplane
../images/airplane450.jpg,79,47,219,187,airplane
../images/airplane451.jpg,60,60,122,122,airplane
../images/airplane451.jpg,12,106,70,156,airplane
../images/airplane451.jpg,91,206,151,253,airplane
../images/airplane451.jpg,146,162,202,212,airplane
../images/airplane451.jpg,194,120,248,171,airplane
../images/airplane452.jpg,40,15,181,184,airplane
../images/airplane453.jpg,75,29,214,196,airplane
../images/airplane454.jpg,21,8,194,237,airplane
../images/airplane455.jpg,4,72,89,168,airplane
../images/airplane455.jpg,104,68,193,171,airplane
../images/airplane456.jpg,65,96,149,176,airplane
../images/airplane456.jpg,151,71,240,165,airplane
../images/airplane457.jpg,53,23,216,249,airplane
../images/airplane458.jpg,26,25,202,256,airplane
../images/airplane459.jpg,45,168,163,251,airplane
../images/airplane459.jpg,62,82,143,162,airplane
../images/airplane459.jpg,71,1,143,72,airplane
../images/airplane460.jpg,58,14,166,125,airplane
../images/airplane460.jpg,56,136,162,245,airplane
../images/airplane461.jpg,58,127,162,229,airplane
../images/airplane461.jpg,57,4,183,117,airplane
../images/airplane462.jpg,37,88,201,242,airplane
../images/airplane463.jpg,84,128,160,202,airplane
../images/airplane463.jpg,92,4,165,76,airplane
../images/airplane464.jpg,95,76,187,168,airplane
../images/airplane464.jpg,110,168,182,234,airplane
../images/airplane465.jpg,30,89,122,171,airplane
../images/airplane465.jpg,109,35,193,115,airplane
../images/airplane466.jpg,4,48,105,138,airplane
../images/airplane466.jpg,27,140,142,228,airplane
../images/airplane466.jpg,152,136,244,222,airplane
../images/airplane467.jpg,169,208,225,256,airplane
../images/airplane467.jpg,1,103,57,165,airplane
../images/airplane467.jpg,38,83,97,156,airplane
../images/airplane467.jpg,93,88,142,154,airplane
../images/airplane467.jpg,152,69,196,137,airplane
../images/airplane467.jpg,160,8,209,68,airplane
../images/airplane467.jpg,121,4,170,70,airplane
../images/airplane467.jpg,113,48,160,112,airplane
../images/airplane467.jpg,15,17,93,105,airplane
../images/airplane468.jpg,1,87,46,146,airplane
../images/airplane468.jpg,124,81,193,139,airplane
../images/airplane468.jpg,208,87,254,132,airplane
../images/airplane469.jpg,90,69,167,135,airplane
../images/airplane470.jpg,2,49,62,99,airplane
../images/airplane470.jpg,38,24,94,73,airplane
../images/airplane470.jpg,78,44,142,93,airplane
../images/airplane470.jpg,148,46,204,91,airplane
../images/airplane470.jpg,184,21,240,68,airplane
../images/airplane470.jpg,39,178,104,224,airplane
../images/airplane470.jpg,111,178,173,226,airplane
../images/airplane470.jpg,188,174,246,219,airplane
../images/airplane471.jpg,18,85,85,140,airplane
../images/airplane471.jpg,90,81,157,148,airplane
../images/airplane472.jpg,1,41,85,113,airplane
../images/airplane472.jpg,197,151,254,210,airplane
../images/airplane473.jpg,83,59,221,178,airplane
../images/airplane474.jpg,21,42,204,194,airplane
../images/airplane475.jpg,30,17,197,232,airplane
../images/airplane476.jpg,10,27,198,223,airplane
../images/airplane477.jpg,74,36,245,215,airplane
../images/airplane478.jpg,59,1,239,186,airplane
../images/airplane479.jpg,9,9,170,211,airplane
../images/airplane480.jpg,17,27,252,222,airplane
../images/airplane481.jpg,51,14,235,190,airplane
../images/airplane482.jpg,82,14,247,196,airplane
../images/airplane483.jpg,107,33,231,190,airplane
../images/airplane484.jpg,38,11,199,216,airplane
../images/airplane485.jpg,32,32,172,187,airplane
../images/airplane486.jpg,29,20,202,212,airplane
../images/airplane487.jpg,25,65,112,173,airplane
../images/airplane487.jpg,136,88,214,167,airplane
../images/airplane488.jpg,85,95,186,198,airplane
../images/airplane489.jpg,119,134,205,221,airplane
../images/airplane489.jpg,165,60,247,148,airplane
../images/airplane490.jpg,51,67,157,156,airplane
../images/airplane490.jpg,142,142,227,215,airplane
../images/airplane491.jpg,1,76,117,215,airplane
../images/airplane491.jpg,63,10,219,208,airplane
../images/airplane492.jpg,52,115,199,234,airplane
../images/airplane493.jpg,77,41,210,151,airplane
../images/airplane494.jpg,60,23,205,188,airplane
../images/airplane495.jpg,19,20,221,203,airplane
../images/airplane496.jpg,23,44,202,236,airplane
../images/airplane497.jpg,22,44,221,234,airplane
../images/airplane498.jpg,86,35,238,173,airplane
../images/airplane499.jpg,44,95,172,220,airplane
../images/airplane500.jpg,23,104,97,175,airplane
../images/airplane500.jpg,148,50,253,168,airplane
../images/airplane501.jpg,77,50,204,199,airplane
../images/airplane502.jpg,73,122,175,202,airplane
../images/airplane502.jpg,9,179,66,246,airplane
../images/airplane503.jpg,107,81,162,154,airplane
../images/airplane503.jpg,29,129,109,215,airplane
../images/airplane503.jpg,128,160,232,256,airplane
../images/airplane503.jpg,1,17,66,93,airplane
../images/airplane504.jpg,63,118,163,213,airplane
../images/airplane505.jpg,101,25,179,96,airplane
../images/airplane506.jpg,39,60,132,143,airplane
../images/airplane506.jpg,127,23,208,112,airplane
../images/airplane507.jpg,160,100,242,185,airplane
../images/airplane508.jpg,8,41,143,206,airplane
../images/airplane508.jpg,148,30,251,189,airplane
../images/airplane509.jpg,1,40,94,212,airplane
../images/airplane509.jpg,134,31,252,212,airplane
../images/airplane510.jpg,62,23,201,198,airplane
../images/airplane511.jpg,24,68,149,208,airplane
../images/airplane512.jpg,93,15,205,188,airplane
../images/airplane513.jpg,30,10,207,228,airplane
../images/airplane514.jpg,48,60,229,195,airplane
../images/airplane515.jpg,14,40,207,215,airplane
../images/airplane516.jpg,109,104,243,220,airplane
../images/airplane517.jpg,123,119,247,250,airplane
../images/airplane518.jpg,126,39,244,182,airplane
../images/airplane519.jpg,21,18,142,167,airplane
../images/airplane520.jpg,26,69,158,201,airplane
../images/airplane521.jpg,15,65,143,190,airplane
../images/airplane522.jpg,15,115,155,239,airplane
../images/airplane522.jpg,134,8,236,151,airplane
../images/airplane523.jpg,130,130,245,255,airplane
../images/airplane523.jpg,84,6,221,121,airplane
../images/airplane524.jpg,40,11,153,154,airplane
../images/airplane525.jpg,5,108,143,235,airplane
../images/airplane526.jpg,101,38,210,195,airplane
../images/airplane527.jpg,140,51,246,185,airplane
../images/airplane528.jpg,2,54,103,208,airplane
../images/airplane528.jpg,131,14,255,191,airplane
../images/airplane529.jpg,2,5,173,132,airplane
../images/airplane529.jpg,29,142,185,256,airplane
../images/airplane530.jpg,29,148,194,251,airplane
../images/airplane530.jpg,7,1,171,117,airplane
../images/airplane531.jpg,12,21,232,203,airplane
../images/airplane532.jpg,78,23,252,195,airplane
../images/airplane533.jpg,1,14,163,227,airplane
../images/airplane534.jpg,61,26,238,228,airplane
../images/airplane535.jpg,38,24,208,188,airplane
../images/airplane536.jpg,16,12,197,229,airplane
../images/airplane537.jpg,45,31,229,210,airplane
../images/airplane538.jpg,35,65,225,231,airplane
../images/airplane539.jpg,20,61,218,226,airplane
../images/airplane540.jpg,60,43,218,229,airplane
../images/airplane541.jpg,26,33,204,220,airplane
../images/airplane542.jpg,69,41,224,231,airplane
../images/airplane543.jpg,33,10,237,181,airplane
../images/airplane544.jpg,43,50,251,222,airplane
../images/airplane545.jpg,30,39,219,204,airplane
../images/airplane546.jpg,57,36,225,168,airplane
../images/airplane547.jpg,17,75,149,213,airplane
../images/airplane548.jpg,100,85,212,222,airplane
../images/airplane549.jpg,26,56,160,212,airplane
../images/airplane550.jpg,23,73,176,215,airplane
../images/airplane551.jpg,39,96,190,206,airplane
../images/airplane552.jpg,41,70,210,207,airplane
../images/airplane553.jpg,25,138,169,256,airplane
../images/airplane553.jpg,125,2,254,167,airplane
../images/airplane554.jpg,4,99,129,256,airplane
../images/airplane554.jpg,141,40,256,214,airplane
../images/airplane555.jpg,1,25,133,164,airplane
../images/airplane555.jpg,104,102,255,239,airplane
../images/airplane556.jpg,23,38,188,178,airplane
../images/airplane557.jpg,53,37,235,176,airplane
../images/airplane558.jpg,69,62,219,231,airplane
../images/airplane559.jpg,1,36,122,197,airplane
../images/airplane559.jpg,133,60,256,213,airplane
../images/airplane560.jpg,37,53,178,215,airplane
../images/airplane561.jpg,62,40,218,181,airplane
../images/airplane562.jpg,53,50,221,207,airplane
../images/airplane563.jpg,38,25,218,221,airplane
../images/airplane564.jpg,63,11,236,168,airplane
../images/airplane565.jpg,86,66,249,254,airplane
../images/airplane566.jpg,18,43,187,215,airplane
../images/airplane567.jpg,63,35,210,228,airplane
../images/airplane568.jpg,62,65,195,224,airplane
../images/airplane569.jpg,24,38,178,224,airplane
../images/airplane570.jpg,24,31,205,238,airplane
../images/airplane571.jpg,18,41,223,221,airplane
../images/airplane572.jpg,8,51,201,229,airplane
../images/airplane573.jpg,43,32,235,239,airplane
../images/airplane574.jpg,17,4,242,251,airplane
../images/airplane575.jpg,1,48,187,228,airplane
../images/airplane576.jpg,1,1,255,255,airplane
../images/airplane577.jpg,1,1,254,255,airplane
../images/airplane578.jpg,37,58,227,233,airplane
../images/airplane579.jpg,11,17,235,218,airplane
../images/airplane580.jpg,2,26,222,204,airplane
../images/airplane581.jpg,20,18,211,189,airplane
../images/airplane582.jpg,23,59,247,234,airplane
../images/airplane583.jpg,96,20,252,218,airplane
../images/airplane584.jpg,97,27,256,172,airplane
../images/airplane585.jpg,70,68,245,192,airplane
../images/airplane586.jpg,55,49,255,209,airplane
../images/airplane587.jpg,4,46,237,245,airplane
../images/airplane588.jpg,42,25,189,231,airplane
../images/airplane589.jpg,57,21,229,203,airplane
../images/airplane590.jpg,29,33,244,205,airplane
../images/airplane591.jpg,25,9,201,180,airplane
../images/airplane592.jpg,38,8,221,204,airplane
../images/airplane593.jpg,41,51,233,234,airplane
../images/airplane594.jpg,12,49,205,223,airplane
../images/airplane595.jpg,46,1,234,231,airplane
../images/airplane596.jpg,2,30,215,226,airplane
../images/airplane597.jpg,33,48,219,217,airplane
../images/airplane598.jpg,21,45,216,220,airplane
../images/airplane599.jpg,71,2,220,127,airplane
../images/airplane599.jpg,95,140,209,252,airplane
../images/airplane600.jpg,60,53,221,192,airplane
../images/airplane601.jpg,29,52,194,198,airplane
../images/airplane602.jpg,23,56,191,182,airplane
../images/airplane603.jpg,68,39,193,197,airplane
../images/airplane604.jpg,27,40,202,190,airplane
../images/airplane605.jpg,21,23,238,208,airplane
../images/airplane606.jpg,41,36,236,221,airplane
../images/airplane607.jpg,17,2,222,239,airplane
../images/airplane608.jpg,15,27,162,202,airplane
../images/airplane609.jpg,27,47,152,203,airplane
../images/airplane610.jpg,35,67,213,179,airplane
../images/airplane611.jpg,8,55,191,201,airplane
../images/airplane612.jpg,57,65,213,200,airplane
../images/airplane613.jpg,55,39,193,231,airplane
../images/airplane614.jpg,35,3,245,234,airplane
../images/airplane615.jpg,10,14,221,252,airplane
../images/airplane616.jpg,9,26,193,250,airplane
../images/airplane617.jpg,26,137,144,241,airplane
../images/airplane618.jpg,119,61,222,184,airplane
../images/airplane618.jpg,1,49,105,193,airplane
../images/airplane619.jpg,133,70,248,211,airplane
../images/airplane619.jpg,9,90,125,237,airplane
../images/airplane620.jpg,15,117,130,255,airplane
../images/airplane620.jpg,136,98,252,243,airplane
../images/airplane621.jpg,1,74,127,225,airplane
../images/airplane621.jpg,98,129,171,215,airplane
../images/airplane621.jpg,139,43,255,196,airplane
../images/airplane622.jpg,62,67,132,137,airplane
../images/airplane622.jpg,79,117,227,251,airplane
../images/airplane622.jpg,109,5,241,83,airplane
../images/airplane622.jpg,148,54,256,165,airplane
../images/airplane623.jpg,22,54,231,232,airplane
../images/airplane624.jpg,22,46,199,210,airplane
../images/airplane625.jpg,44,15,220,171,airplane
../images/airplane626.jpg,40,29,221,199,airplane
../images/airplane627.jpg,11,42,184,217,airplane
../images/airplane628.jpg,2,43,175,228,airplane
../images/airplane629.jpg,47,36,209,208,airplane
../images/airplane630.jpg,35,17,202,218,airplane
../images/airplane631.jpg,63,84,222,247,airplane
../images/airplane632.jpg,15,59,199,225,airplane
../images/airplane633.jpg,30,48,247,234,airplane
../images/airplane634.jpg,54,18,253,198,airplane
../images/airplane635.jpg,1,37,228,214,airplane
../images/airplane636.jpg,55,60,242,226,airplane
../images/airplane637.jpg,13,103,204,254,airplane
../images/airplane638.jpg,51,29,231,207,airplane
../images/airplane639.jpg,76,89,229,256,airplane
../images/airplane640.jpg,42,22,224,209,airplane
../images/airplane641.jpg,25,42,207,215,airplane
../images/airplane642.jpg,44,40,220,222,airplane
../images/airplane643.jpg,31,20,183,182,airplane
../images/airplane644.jpg,46,41,216,208,airplane
../images/airplane645.jpg,27,22,214,207,airplane
../images/airplane646.jpg,23,20,207,193,airplane
../images/airplane647.jpg,21,74,196,202,airplane
../images/airplane648.jpg,45,64,193,210,airplane
../images/airplane649.jpg,50,61,216,193,airplane
../images/airplane650.jpg,9,16,201,166,airplane
../images/airplane651.jpg,33,30,220,235,airplane
../images/airplane652.jpg,15,22,207,214,airplane
../images/airplane653.jpg,43,42,216,225,airplane
../images/airplane654.jpg,37,54,192,196,airplane
../images/airplane655.jpg,22,93,193,222,airplane
../images/airplane656.jpg,13,31,235,208,airplane
../images/airplane657.jpg,29,31,211,215,airplane
../images/airplane658.jpg,35,35,212,215,airplane
../images/airplane659.jpg,3,31,173,214,airplane
../images/airplane660.jpg,24,63,189,242,airplane
../images/airplane661.jpg,12,33,240,224,airplane
../images/airplane662.jpg,42,34,226,203,airplane
../images/airplane663.jpg,17,20,218,195,airplane
../images/airplane664.jpg,42,61,247,254,airplane
../images/airplane665.jpg,34,65,216,242,airplane
../images/airplane666.jpg,51,60,207,203,airplane
../images/airplane667.jpg,43,30,235,207,airplane
../images/airplane668.jpg,29,26,192,230,airplane
../images/airplane669.jpg,98,49,230,217,airplane
../images/airplane670.jpg,68,50,245,218,airplane
../images/airplane671.jpg,76,15,202,175,airplane
../images/airplane672.jpg,75,70,207,217,airplane
../images/airplane673.jpg,15,89,203,225,airplane
../images/airplane674.jpg,12,46,201,210,airplane
../images/airplane675.jpg,8,1,252,250,airplane
../images/airplane676.jpg,61,17,238,244,airplane
../images/airplane677.jpg,87,6,197,115,airplane
../images/airplane677.jpg,37,118,156,216,airplane
../images/airplane678.jpg,99,61,189,151,airplane
../images/airplane678.jpg,52,159,151,256,airplane
../images/airplane679.jpg,104,63,219,150,airplane
../images/airplane680.jpg,76,25,196,155,airplane
../images/airplane681.jpg,154,75,226,164,airplane
../images/airplane681.jpg,79,139,162,230,airplane
../images/airplane682.jpg,23,31,116,142,airplane
../images/airplane682.jpg,140,163,220,253,airplane
../images/airplane683.jpg,2,98,80,190,airplane
../images/airplane683.jpg,90,12,166,104,airplane
../images/airplane684.jpg,71,61,190,155,airplane
../images/airplane685.jpg,44,42,143,132,airplane
../images/airplane686.jpg,89,86,166,157,airplane
../images/airplane686.jpg,98,165,164,220,airplane
../images/airplane686.jpg,105,4,171,80,airplane
../images/airplane687.jpg,34,40,240,221,airplane
../images/airplane688.jpg,37,43,215,235,airplane
../images/airplane689.jpg,68,33,238,208,airplane
../images/airplane690.jpg,60,38,219,237,airplane
../images/airplane691.jpg,24,22,204,232,airplane
../images/airplane692.jpg,28,51,143,160,airplane
../images/airplane693.jpg,98,58,217,219,airplane
../images/airplane694.jpg,25,26,165,207,airplane
../images/airplane695.jpg,32,40,201,176,airplane
../images/airplane696.jpg,27,26,217,227,airplane
../images/airplane697.jpg,75,24,243,213,airplane
../images/airplane698.jpg,8,46,157,235,airplane
../images/airplane699.jpg,99,27,256,213,airplane
../images/airplane700.jpg,9,24,188,242,airplane
../images/airplane701.jpg,17,135,99,212,airplane
../images/airplane701.jpg,153,80,214,144,airplane
../images/airplane702.jpg,23,118,91,190,airplane
../images/airplane702.jpg,70,77,149,156,airplane
../images/airplane702.jpg,155,91,226,181,airplane
../images/airplane703.jpg,43,73,118,165,airplane
../images/airplane703.jpg,142,42,226,134,airplane
../images/airplane704.jpg,44,122,121,192,airplane
../images/airplane704.jpg,98,37,207,154,airplane
../images/airplane705.jpg,51,18,242,249,airplane
../images/airplane706.jpg,22,31,205,200,airplane
../images/airplane707.jpg,31,21,195,221,airplane
../images/airplane708.jpg,35,60,193,175,airplane
../images/airplane709.jpg,43,84,170,229,airplane
../images/airplane710.jpg,23,7,239,252,airplane
../images/airplane711.jpg,33,37,200,192,airplane
../images/airplane712.jpg,45,34,218,211,airplane
../images/airplane713.jpg,7,35,181,214,airplane
../images/airplane714.jpg,30,20,200,198,airplane
../images/airplane715.jpg,41,37,220,217,airplane
../images/airplane716.jpg,7,9,183,180,airplane
../images/airplane717.jpg,6,4,178,172,airplane
../images/airplane718.jpg,41,8,209,225,airplane
../images/airplane719.jpg,51,15,221,238,airplane
../images/airplane720.jpg,44,10,151,117,airplane
../images/airplane720.jpg,44,126,155,234,airplane
../images/airplane721.jpg,71,23,177,132,airplane
../images/airplane721.jpg,77,143,177,242,airplane
../images/airplane722.jpg,75,23,171,117,airplane
../images/airplane722.jpg,71,138,174,239,airplane
../images/airplane723.jpg,91,35,183,130,airplane
../images/airplane723.jpg,96,150,189,246,airplane
../images/airplane724.jpg,91,27,187,122,airplane
../images/airplane724.jpg,92,145,187,244,airplane
../images/airplane725.jpg,45,40,203,171,airplane
../images/airplane726.jpg,102,39,200,129,airplane
../images/airplane726.jpg,118,156,199,252,airplane
../images/airplane726.jpg,1,32,76,125,airplane
../images/airplane727.jpg,70,33,149,128,airplane
../images/airplane727.jpg,68,153,159,242,airplane
../images/airplane728.jpg,73,23,158,115,airplane
../images/airplane728.jpg,68,148,156,241,airplane
../images/airplane729.jpg,51,53,215,205,airplane
../images/airplane730.jpg,62,39,220,201,airplane
../images/airplane731.jpg,54,14,184,184,airplane
../images/airplane732.jpg,8,48,116,186,airplane
../images/airplane732.jpg,135,29,255,195,airplane
../images/airplane733.jpg,6,33,131,204,airplane
../images/airplane733.jpg,141,14,256,181,airplane
../images/airplane734.jpg,31,53,150,218,airplane
../images/airplane734.jpg,164,37,256,200,airplane
../images/airplane735.jpg,25,6,170,123,airplane
../images/airplane735.jpg,77,141,236,254,airplane
../images/airplane736.jpg,5,65,155,198,airplane
../images/airplane737.jpg,44,59,168,234,airplane
../images/airplane738.jpg,1,53,133,217,airplane
../images/airplane738.jpg,158,20,256,189,airplane
../images/airplane739.jpg,1,67,117,232,airplane
../images/airplane739.jpg,135,42,256,200,airplane
../images/airplane740.jpg,1,56,122,211,airplane
../images/airplane740.jpg,141,36,256,189,airplane
../images/airplane741.jpg,27,9,217,223,airplane
../images/airplane742.jpg,52,18,244,227,airplane
../images/airplane743.jpg,27,14,212,242,airplane
../images/airplane744.jpg,39,17,219,227,airplane
../images/airplane745.jpg,41,10,224,217,airplane
../images/airplane746.jpg,46,39,244,209,airplane
../images/airplane747.jpg,17,31,181,212,airplane
../images/airplane748.jpg,87,12,253,209,airplane
../images/airplane749.jpg,44,6,237,242,airplane
../images/airplane750.jpg,48,65,222,227,airplane
../images/airplane751.jpg,7,89,176,256,airplane
../images/airplane752.jpg,30,42,217,247,airplane
../images/airplane753.jpg,25,32,220,237,airplane
../images/airplane754.jpg,12,60,190,251,airplane
../images/airplane755.jpg,56,53,232,253,airplane
../images/airplane756.jpg,80,68,252,244,airplane
../images/airplane757.jpg,36,28,224,256,airplane
../images/airplane758.jpg,60,37,238,229,airplane
../images/airplane759.jpg,33,13,220,229,airplane
../images/airplane760.jpg,8,88,119,221,airplane
../images/airplane760.jpg,146,66,250,199,airplane
../images/airplane761.jpg,95,82,233,247,airplane
../images/airplane762.jpg,84,48,212,173,airplane
../images/airplane763.jpg,10,78,125,218,airplane
../images/airplane763.jpg,143,54,248,206,airplane
../images/airplane764.jpg,1,80,105,216,airplane
../images/airplane764.jpg,150,62,254,201,airplane
../images/airplane765.jpg,118,38,256,195,airplane
../images/airplane766.jpg,22,52,177,233,airplane
../images/airplane767.jpg,41,39,165,207,airplane
../images/airplane768.jpg,32,7,183,126,airplane
../images/airplane768.jpg,92,139,250,256,airplane
../images/airplane769.jpg,33,33,191,178,airplane
../images/airplane770.jpg,3,72,118,213,airplane
../images/airplane770.jpg,132,48,248,191,airplane
../images/airplane771.jpg,72,37,199,161,airplane
../images/airplane772.jpg,29,80,141,224,airplane
../images/airplane773.jpg,38,73,209,194,airplane
../images/airplane774.jpg,33,8,199,240,airplane
../images/airplane775.jpg,75,28,218,197,airplane
../images/airplane776.jpg,31,33,220,221,airplane
../images/airplane777.jpg,19,29,197,204,airplane
../images/airplane778.jpg,26,30,195,231,airplane
../images/airplane779.jpg,22,59,205,230,airplane
../images/airplane780.jpg,34,50,230,217,airplane
../images/airplane781.jpg,21,22,197,219,airplane
../images/airplane782.jpg,16,48,199,223,airplane
../images/airplane783.jpg,68,27,246,231,airplane
../images/airplane784.jpg,21,30,197,196,airplane
../images/airplane785.jpg,23,31,203,200,airplane
../images/airplane786.jpg,75,23,252,225,airplane
../images/airplane787.jpg,86,11,255,171,airplane
../images/airplane788.jpg,10,55,164,218,airplane
../images/airplane789.jpg,48,47,252,225,airplane
../images/airplane790.jpg,45,49,239,223,airplane
../images/airplane791.jpg,45,51,219,218,airplane
../images/airplane792.jpg,19,28,207,235,airplane
../images/airplane793.jpg,74,22,237,195,airplane
../images/airplane794.jpg,6,17,162,185,airplane
../images/airplane795.jpg,61,34,212,214,airplane
../images/airplane796.jpg,74,69,228,238,airplane
../images/airplane797.jpg,79,28,233,209,airplane
../images/airplane798.jpg,66,23,190,196,airplane
../images/airplane799.jpg,81,27,211,190,airplane
../images/airplane800.jpg,70,14,190,177,airplane
